Type of animal,Individual_ID,Enclosure,Observation_Date,Observation Time,Keeper_Arrival_Time,Keeper_Departure_Time,Meal_Start_Time,Meal_End_Time,Inter_Meal_Interval_Min,Diet_Variety_Score,Keeper_Proximity_Duration_Min,Time_to_Keeper_Arrival_Min,Activity_Level(Animal's activity types),Location_Changes,Boundary_Time_Min,Rolling_Stereotypy_Rate,Stress_Label
Asian Elephant,AE01,E1,4/1/2026,Morning,8:25,9:13,8:33,8:50,191,3,24,5,73,3,0,0.15,Stress_Present
Asian Elephant,AE02,E1,4/3/2026,Afternoon,15:25,15:50,15:37,16:04,301,4,8,27,70,1,1,0.16,Stress_Absent
Asian Elephant,AE03,E1,4/5/2026,Morning,8:15,8:42,8:23,8:41,253,3,24,20,65,3,11,0.43,Stress_Present
Asian Elephant,AE04,E2,4/7/2026,Afternoon,15:15,15:40,15:22,15:42,298,5,11,14,55,8,3,0.26,Stress_Absent
Asian Elephant,AE05,E2,4/9/2026,Morning,8:10,8:46,8:16,8:45,351,3,13,2,76,8,10,0.33,Stress_Present
Asian Elephant,AE06,E2,4/11/2026,Afternoon,15:00,15:40,15:10,15:36,318,4,22,19,58,1,10,0.02,Stress_Absent
Toque Macaque,TM01,M1,4/13/2026,Morning,9:15,9:41,9:27,9:37,182,3,11,14,65,10,6,0.2,Stress_Absent
Toque Macaque,TM02,M1,4/15/2026,Afternoon,16:20,16:45,16:28,16:40,179,5,8,12,42,6,1,0.17,Stress_Absent
Toque Macaque,TM03,M1,4/17/2026,Morning,9:20,10:08,9:23,9:37,249,3,18,16,51,12,15,0.33,Stress_Present
Toque Macaque,TM04,M2,4/19/2026,Afternoon,16:25,17:01,16:30,16:46,162,4,7,9,70,11,13,0.21,Stress_Absent
Toque Macaque,TM05,M2,4/21/2026,Morning,9:05,9:54,9:13,9:29,209,3,8,2,84,9,15,0.3,Stress_Present
Toque Macaque,TM06,M2,4/23/2026,Afternoon,16:25,17:05,16:32,16:47,235,4,7,29,94,9,3,0.03,Stress_Absent
Asian Elephant,AE01,E1,4/25/2026,Morning,8:20,8:50,8:27,8:48,195,5,17,6,31,7,7,0.09,Stress_Absent
Asian Elephant,AE01,E1,4/27/2026,Afternoon,15:10,15:56,15:14,15:35,266,3,16,2,64,2,8,0.01,Stress_Absent
Asian Elephant,AE02,E1,4/29/2026,Morning,8:15,8:48,8:19,8:47,227,5,21,19,56,2,10,0.33,Stress_Absent
Asian Elephant,AE03,E2,5/1/2026,Afternoon,15:05,15:30,15:13,15:43,197,4,9,23,32,2,10,0.33,Stress_Absent
Asian Elephant,AE04,E2,5/3/2026,Morning,8:05,8:37,8:09,8:35,333,5,19,18,47,4,10,0.34,Stress_Present
Asian Elephant,AE05,E2,5/5/2026,Afternoon,15:15,15:46,15:19,15:46,280,5,21,6,40,8,8,0.19,Stress_Absent
Toque Macaque,TM01,M1,5/7/2026,Morning,9:20,10:04,9:27,9:39,237,2,15,13,56,7,3,0.06,Stress_Absent
Toque Macaque,TM02,M1,5/9/2026,Afternoon,16:15,17:03,16:24,16:36,232,5,16,6,58,7,8,0.23,Stress_Absent
Toque Macaque,TM03,M1,5/11/2026,Morning,9:10,9:50,9:13,9:27,258,5,7,21,39,8,7,0.14,Stress_Absent
Toque Macaque,TM04,M2,5/13/2026,Afternoon,16:10,16:57,16:17,16:26,229,2,16,30,55,4,1,0.14,Stress_Absent
Toque Macaque,TM05,M2,5/15/2026,Morning,9:15,9:47,9:24,9:37,149,4,5,29,53,10,11,0.13,Stress_Absent
Toque Macaque,TM06,M2,5/17/2026,Afternoon,16:05,16:45,16:15,16:35,141,3,15,7,44,5,1,0.36,Stress_Absent
Asian Elephant,AE01,E1,5/19/2026,Morning,8:15,8:47,8:20,8:50,288,3,9,23,54,8,2,0.03,Stress_Absent
Asian Elephant,AE02,E1,5/21/2026,Afternoon,15:00,15:36,15:07,15:33,230,5,11,9,79,1,10,0.36,Stress_Absent
Asian Elephant,AE03,E1,5/23/2026,Morning,8:20,9:01,8:27,8:42,229,3,24,4,59,2,2,0.38,Stress_Present
Asian Elephant,AE04,E2,5/25/2026,Afternoon,15:20,16:05,15:31,15:49,232,4,24,22,36,1,11,0.32,Stress_Absent
Asian Elephant,AE05,E2,4/1/2026,Morning,8:00,8:36,8:09,8:35,238,5,15,25,77,7,9,0.26,Stress_Absent
Asian Elephant,AE06,E2,4/3/2026,Afternoon,15:10,15:59,15:17,15:35,282,5,24,21,78,7,6,0.28,Stress_Absent
Toque Macaque,TM01,M1,4/5/2026,Morning,9:25,10:15,9:34,9:51,210,5,17,18,40,10,15,0.13,Stress_Absent
Toque Macaque,TM02,M1,4/7/2026,Afternoon,16:05,16:43,16:12,16:30,183,5,12,2,91,5,14,0.31,Stress_Present
Toque Macaque,TM03,M1,4/9/2026,Morning,9:20,9:46,9:23,9:43,269,4,6,19,64,11,11,0.29,Stress_Absent
Toque Macaque,TM04,M2,4/11/2026,Afternoon,16:20,16:49,16:24,16:36,212,2,16,23,89,12,1,0.15,Stress_Absent
Toque Macaque,TM05,M2,4/13/2026,Morning,9:25,9:57,9:28,9:43,140,2,6,27,59,11,5,0.15,Stress_Present
Toque Macaque,TM06,M2,4/15/2026,Afternoon,16:10,16:55,16:20,16:37,254,4,14,25,39,2,10,0.36,Stress_Present
Asian Elephant,AE01,E1,4/17/2026,Morning,8:15,8:48,8:20,8:44,210,3,15,14,46,4,5,0.1,Stress_Absent
Asian Elephant,AE02,E1,4/19/2026,Afternoon,15:15,15:55,15:24,15:53,227,3,20,25,50,5,1,0.19,Stress_Absent
Asian Elephant,AE03,E1,4/21/2026,Morning,8:15,8:51,8:18,8:34,180,4,16,16,73,1,5,0.2,Stress_Absent
Asian Elephant,AE04,E2,4/23/2026,Afternoon,15:15,16:02,15:25,15:48,284,5,23,26,40,6,6,0.08,Stress_Absent
Asian Elephant,AE05,E2,4/25/2026,Morning,8:15,8:56,8:18,8:37,302,5,8,27,64,4,3,0.27,Stress_Absent
Asian Elephant,AE06,E2,4/27/2026,Afternoon,15:00,15:26,15:12,15:34,337,3,12,24,39,2,5,0.18,Stress_Absent
Toque Macaque,TM01,M1,4/29/2026,Morning,9:05,9:41,9:12,9:20,261,3,10,4,79,8,1,0.36,Stress_Present
Toque Macaque,TM02,M1,5/1/2026,Afternoon,16:25,17:08,16:30,16:40,157,2,18,14,67,12,6,0.14,Stress_Present
Toque Macaque,TM03,M1,5/3/2026,Morning,9:20,10:03,9:27,9:41,173,4,15,28,61,6,3,0.19,Stress_Absent
Toque Macaque,TM04,M2,5/5/2026,Afternoon,16:00,16:33,16:10,16:25,146,5,17,11,93,2,10,0.05,Stress_Absent
Toque Macaque,TM05,M2,5/7/2026,Morning,9:05,9:32,9:12,9:28,186,2,11,11,95,2,7,0.37,Stress_Absent
Toque Macaque,TM06,M2,5/9/2026,Afternoon,16:15,16:53,16:23,16:38,300,4,7,0,64,10,9,0.01,Stress_Present
Asian Elephant,AE01,E1,5/11/2026,Morning,8:20,9:00,8:27,8:55,253,5,12,21,74,6,2,0.22,Stress_Absent
Asian Elephant,AE02,E1,5/13/2026,Afternoon,15:25,16:01,15:36,15:53,181,5,22,24,60,5,4,0.43,Stress_Absent
Asian Elephant,AE03,E1,5/15/2026,Morning,8:10,8:57,8:15,8:30,202,3,24,17,58,1,2,0.12,Stress_Absent
Asian Elephant,AE04,E2,5/17/2026,Afternoon,15:00,15:44,15:12,15:33,205,4,17,7,30,8,3,0.44,Stress_Absent
Asian Elephant,AE05,E2,5/19/2026,Morning,8:10,8:40,8:18,8:34,319,4,8,26,67,1,8,0.07,Stress_Absent
Asian Elephant,AE06,E2,5/21/2026,Afternoon,15:25,15:51,15:36,16:06,324,3,16,13,28,7,8,0.11,Stress_Absent
Toque Macaque,TM01,M1,5/23/2026,Morning,9:25,10:00,9:29,9:45,153,2,18,2,40,5,11,0.02,Stress_Present
Toque Macaque,TM02,M1,5/25/2026,Afternoon,16:15,16:48,16:22,16:31,250,5,5,13,73,12,10,0.38,Stress_Absent
Toque Macaque,TM03,M1,4/1/2026,Morning,9:10,10:00,9:14,9:29,257,2,18,27,35,2,12,0.37,Stress_Present
Toque Macaque,TM04,M2,4/3/2026,Afternoon,16:15,16:49,16:19,16:33,142,4,11,12,70,8,15,0.01,Stress_Present
Toque Macaque,TM05,M2,4/5/2026,Morning,9:25,10:05,9:29,9:37,145,2,14,4,57,10,2,0.22,Stress_Present
Toque Macaque,TM06,M2,4/7/2026,Afternoon,16:20,16:45,16:32,16:49,262,5,15,12,58,7,3,0.36,Stress_Present
Asian Elephant,AE01,E1,4/9/2026,Morning,8:25,9:13,8:31,8:47,257,5,18,5,61,2,3,0.07,Stress_Present
Asian Elephant,AE02,E1,4/11/2026,Afternoon,15:25,16:02,15:33,15:51,202,4,16,28,44,7,8,0.13,Stress_Absent
Asian Elephant,AE03,E1,4/13/2026,Morning,8:00,8:35,8:09,8:30,310,3,15,11,77,3,0,0.21,Stress_Absent
Asian Elephant,AE04,E2,4/15/2026,Afternoon,15:05,15:46,15:08,15:34,250,5,11,3,37,4,2,0.38,Stress_Present
Asian Elephant,AE05,E2,4/17/2026,Morning,8:10,8:50,8:19,8:48,219,3,21,16,60,5,0,0.4,Stress_Present
Asian Elephant,AE06,E2,4/19/2026,Afternoon,15:25,16:12,15:35,15:50,333,4,20,10,67,5,3,0.39,Stress_Absent
Toque Macaque,TM01,M1,4/21/2026,Morning,9:00,9:36,9:12,9:22,169,3,16,4,45,3,12,0.28,Stress_Present
Toque Macaque,TM02,M1,4/23/2026,Afternoon,16:25,16:50,16:28,16:37,256,3,17,30,42,7,0,0.4,Stress_Absent
Toque Macaque,TM03,M1,4/25/2026,Morning,9:15,10:01,9:24,9:34,274,5,10,19,46,4,4,0.11,Stress_Absent
Toque Macaque,TM04,M2,4/27/2026,Afternoon,16:00,16:33,16:04,16:24,247,2,5,2,47,12,1,0.16,Stress_Present
Toque Macaque,TM05,M2,4/29/2026,Morning,9:00,9:28,9:06,9:24,268,5,6,6,43,10,1,0.2,Stress_Absent
Toque Macaque,TM06,M2,5/1/2026,Afternoon,16:10,16:49,16:15,16:35,134,5,14,12,86,8,13,0.16,Stress_Present
Asian Elephant,AE01,E1,5/3/2026,Morning,8:10,8:56,8:15,8:35,202,5,17,18,33,4,0,0.26,Stress_Absent
Asian Elephant,AE02,E1,5/5/2026,Afternoon,15:05,15:39,15:08,15:30,310,5,20,13,70,4,11,0.3,Stress_Absent
Asian Elephant,AE03,E1,5/7/2026,Morning,8:00,8:27,8:11,8:41,265,4,12,2,77,4,7,0.38,Stress_Present
Asian Elephant,AE04,E2,5/9/2026,Afternoon,15:25,16:08,15:35,15:54,307,5,22,17,37,4,0,0.2,Stress_Absent
Asian Elephant,AE05,E2,5/11/2026,Morning,8:15,8:42,8:21,8:50,212,4,10,7,28,3,0,0.23,Stress_Absent
Asian Elephant,AE06,E2,5/13/2026,Afternoon,15:15,16:02,15:19,15:40,251,4,25,2,34,6,2,0.13,Stress_Present
Toque Macaque,TM01,M1,5/15/2026,Morning,9:25,9:55,9:34,9:44,252,5,7,22,74,11,14,0.39,Stress_Present
Toque Macaque,TM02,M1,5/17/2026,Afternoon,16:15,17:00,16:26,16:41,127,2,10,21,37,7,1,0.27,Stress_Present
Toque Macaque,TM03,M1,5/19/2026,Morning,9:25,9:59,9:30,9:48,133,3,17,25,67,2,3,0.09,Stress_Present
Toque Macaque,TM04,M2,5/21/2026,Afternoon,16:05,16:38,16:11,16:27,121,4,12,0,51,11,10,0.16,Stress_Present
Toque Macaque,TM05,M2,5/23/2026,Morning,9:20,9:54,9:23,9:42,291,5,9,1,55,11,10,0.27,Stress_Present
Toque Macaque,TM06,M2,5/25/2026,Afternoon,16:15,16:56,16:21,16:32,210,4,18,24,35,12,15,0.14,Stress_Absent
Asian Elephant,AE01,E1,4/1/2026,Morning,8:05,8:45,8:13,8:32,181,5,16,24,38,4,1,0.17,Stress_Absent
Asian Elephant,AE02,E1,4/3/2026,Afternoon,15:10,15:39,15:17,15:38,211,5,17,1,55,4,7,0.12,Stress_Absent
Asian Elephant,AE03,E1,4/5/2026,Morning,8:00,8:49,8:06,8:24,326,4,16,13,65,4,2,0.06,Stress_Absent
Asian Elephant,AE04,E2,4/7/2026,Afternoon,15:10,15:48,15:20,15:37,237,3,11,29,60,3,12,0.08,Stress_Absent
Asian Elephant,AE05,E2,4/9/2026,Morning,8:15,8:42,8:21,8:44,186,4,15,5,30,1,3,0.01,Stress_Present
Asian Elephant,AE06,E2,4/11/2026,Afternoon,15:10,15:45,15:14,15:35,201,4,17,26,77,8,4,0.16,Stress_Absent
Toque Macaque,TM01,M1,4/13/2026,Morning,9:25,10:12,9:37,9:46,122,4,8,21,52,9,0,0.26,Stress_Absent
Toque Macaque,TM02,M1,4/15/2026,Afternoon,16:20,17:03,16:28,16:36,278,5,17,26,61,5,3,0.34,Stress_Present
Toque Macaque,TM03,M1,4/17/2026,Morning,9:05,9:54,9:09,9:20,141,4,8,7,71,12,10,0.11,Stress_Present
Toque Macaque,TM04,M2,4/19/2026,Afternoon,16:00,16:34,16:12,16:30,299,4,18,11,58,10,1,0.19,Stress_Absent
Toque Macaque,TM05,M2,4/21/2026,Morning,9:10,9:40,9:13,9:33,210,3,10,9,83,9,3,0.07,Stress_Absent
Toque Macaque,TM06,M2,4/23/2026,Afternoon,16:25,17:03,16:35,16:48,294,2,15,7,75,5,3,0.1,Stress_Absent
Asian Elephant,AE01,E1,4/25/2026,Morning,8:15,8:57,8:18,8:33,257,5,15,23,72,1,2,0.08,Stress_Absent
Asian Elephant,AE02,E1,4/27/2026,Afternoon,15:05,15:39,15:11,15:30,219,3,23,25,54,2,1,0.06,Stress_Absent
Asian Elephant,AE03,E1,4/29/2026,Morning,8:10,8:52,8:17,8:35,275,4,11,6,40,5,2,0.18,Stress_Absent
Asian Elephant,AE04,E2,5/1/2026,Afternoon,15:10,15:51,15:16,15:37,247,5,20,1,42,7,5,0.06,Stress_Present
Asian Elephant,AE05,E2,5/3/2026,Morning,8:05,8:52,8:08,8:38,267,5,16,26,52,1,12,0.3,Stress_Present
Asian Elephant,AE06,E2,5/5/2026,Afternoon,15:20,16:02,15:26,15:42,230,4,14,18,80,3,11,0.24,Stress_Absent
Toque Macaque,TM01,M1,5/7/2026,Morning,9:15,9:42,9:26,9:39,166,4,13,25,46,8,13,0.29,Stress_Present
Toque Macaque,TM02,M1,5/9/2026,Afternoon,16:15,16:53,16:26,16:46,221,2,17,4,72,12,13,0.12,Stress_Present
Toque Macaque,TM03,M1,5/11/2026,Morning,9:00,9:40,9:08,9:20,284,2,8,4,91,11,4,0.0,Stress_Absent
Toque Macaque,TM04,M2,5/13/2026,Afternoon,16:15,16:41,16:19,16:32,247,5,17,30,76,2,9,0.22,Stress_Absent
Toque Macaque,TM05,M2,5/15/2026,Morning,9:15,9:50,9:20,9:29,264,3,7,23,65,3,5,0.31,Stress_Present
Toque Macaque,TM06,M2,5/17/2026,Afternoon,16:00,16:46,16:11,16:29,169,5,17,10,75,7,15,0.22,Stress_Absent
Asian Elephant,AE01,E1,5/19/2026,Morning,8:25,8:58,8:36,9:06,279,4,9,0,51,4,6,0.07,Stress_Absent
Asian Elephant,AE02,E1,5/21/2026,Afternoon,15:05,15:51,15:13,15:35,198,5,19,16,72,7,0,0.28,Stress_Absent
Asian Elephant,AE03,E1,5/23/2026,Morning,8:20,8:54,8:26,8:51,215,5,21,20,36,6,12,0.28,Stress_Present
Asian Elephant,AE04,E2,5/25/2026,Afternoon,15:00,15:30,15:12,15:30,288,5,11,1,25,2,11,0.25,Stress_Present
Asian Elephant,AE05,E2,4/1/2026,Morning,8:00,8:49,8:09,8:34,184,4,12,1,72,5,6,0.27,Stress_Present
Asian Elephant,AE06,E2,4/3/2026,Afternoon,15:00,15:35,15:04,15:22,353,3,18,8,77,7,3,0.27,Stress_Absent
Toque Macaque,TM01,M1,4/5/2026,Morning,9:05,9:39,9:09,9:22,155,2,7,1,94,2,1,0.17,Stress_Present
Toque Macaque,TM02,M1,4/7/2026,Afternoon,16:20,16:58,16:31,16:43,264,2,12,28,72,3,4,0.34,Stress_Absent
Toque Macaque,TM03,M1,4/9/2026,Morning,9:00,9:25,9:06,9:20,199,4,15,30,46,8,0,0.06,Stress_Absent
Toque Macaque,TM04,M2,4/11/2026,Afternoon,16:05,16:39,16:15,16:34,179,4,18,23,35,3,8,0.32,Stress_Absent
Toque Macaque,TM05,M2,4/13/2026,Morning,9:15,9:40,9:21,9:36,222,2,13,1,95,9,5,0.37,Stress_Present
Toque Macaque,TM06,M2,4/15/2026,Afternoon,16:25,16:59,16:31,16:50,179,5,7,23,41,12,0,0.03,Stress_Absent
Asian Elephant,AE01,E1,4/17/2026,Morning,8:15,8:58,8:26,8:54,286,3,25,16,67,2,10,0.0,Stress_Absent
Asian Elephant,AE02,E1,4/19/2026,Afternoon,15:15,15:58,15:27,15:42,252,3,24,13,65,6,5,0.45,Stress_Absent
Asian Elephant,AE03,E1,4/21/2026,Morning,8:25,9:07,8:28,8:43,360,3,17,8,56,8,6,0.1,Stress_Absent
Asian Elephant,AE04,E2,4/23/2026,Afternoon,15:25,15:55,15:34,15:50,289,4,19,28,33,4,3,0.13,Stress_Absent
Asian Elephant,AE05,E2,4/25/2026,Morning,8:05,8:49,8:09,8:26,233,3,8,19,44,1,1,0.15,Stress_Absent
Asian Elephant,AE06,E2,4/27/2026,Afternoon,15:05,15:33,15:17,15:37,198,3,16,16,36,2,10,0.17,Stress_Absent
Toque Macaque,TM01,M1,4/29/2026,Morning,9:20,9:57,9:23,9:39,197,3,7,5,85,12,8,0.0,Stress_Present
Toque Macaque,TM02,M1,5/1/2026,Afternoon,16:20,16:46,16:31,16:39,257,4,5,12,82,11,15,0.31,Stress_Absent
Toque Macaque,TM03,M1,5/3/2026,Morning,9:20,9:51,9:30,9:40,164,4,5,15,86,5,2,0.17,Stress_Absent
Toque Macaque,TM04,M2,5/5/2026,Afternoon,16:10,16:40,16:17,16:34,209,5,7,8,68,11,10,0.15,Stress_Absent
Toque Macaque,TM05,M2,5/7/2026,Morning,9:25,9:58,9:28,9:43,247,4,10,29,83,5,13,0.03,Stress_Absent
Toque Macaque,TM06,M2,5/9/2026,Afternoon,16:20,16:50,16:23,16:36,284,2,18,16,65,8,7,0.31,Stress_Absent
Asian Elephant,AE01,E1,5/11/2026,Morning,8:05,8:32,8:09,8:33,233,5,24,22,54,6,0,0.24,Stress_Absent
Asian Elephant,AE02,E1,5/13/2026,Afternoon,15:05,15:32,15:15,15:42,198,3,16,1,65,3,3,0.15,Stress_Absent
Asian Elephant,AE03,E1,5/15/2026,Morning,8:25,9:00,8:33,8:59,182,5,11,0,65,6,9,0.19,Stress_Present
Asian Elephant,AE04,E2,5/17/2026,Afternoon,15:10,15:43,15:21,15:48,304,5,11,29,65,3,12,0.35,Stress_Present
Asian Elephant,AE05,E2,5/19/2026,Morning,8:25,9:01,8:35,8:52,197,3,17,12,66,1,11,0.26,Stress_Absent
Asian Elephant,AE06,E2,5/21/2026,Afternoon,15:20,15:56,15:31,15:50,225,3,17,27,32,5,4,0.2,Stress_Absent
Toque Macaque,TM01,M1,5/23/2026,Morning,9:20,10:07,9:24,9:33,172,3,13,7,61,10,3,0.19,Stress_Absent
Toque Macaque,TM02,M1,5/25/2026,Afternoon,16:00,16:49,16:09,16:17,122,3,16,27,80,11,4,0.21,Stress_Present
Toque Macaque,TM03,M1,4/1/2026,Morning,9:10,9:49,9:14,9:29,249,5,10,3,70,7,12,0.22,Stress_Present
Toque Macaque,TM04,M2,4/3/2026,Afternoon,16:25,17:05,16:36,16:44,188,4,13,21,57,9,0,0.12,Stress_Absent
Toque Macaque,TM05,M2,4/5/2026,Morning,9:05,9:40,9:16,9:28,227,2,12,18,89,12,8,0.04,Stress_Absent
Toque Macaque,TM06,M2,4/7/2026,Afternoon,16:00,16:46,16:07,16:15,276,3,17,20,70,2,13,0.1,Stress_Absent
Asian Elephant,AE01,E1,4/9/2026,Morning,8:10,8:53,8:17,8:35,180,4,19,15,55,7,4,0.39,Stress_Absent
Asian Elephant,AE02,E1,4/11/2026,Afternoon,15:05,15:36,15:17,15:44,299,4,15,1,52,3,6,0.34,Stress_Present
Asian Elephant,AE03,E1,4/13/2026,Morning,8:25,8:59,8:30,8:45,203,4,15,19,72,6,8,0.17,Stress_Absent
Asian Elephant,AE04,E2,4/15/2026,Afternoon,15:00,15:41,15:04,15:30,337,4,9,25,80,5,4,0.12,Stress_Absent
Asian Elephant,AE05,E2,4/17/2026,Morning,8:10,8:49,8:13,8:33,271,5,25,16,47,7,4,0.33,Stress_Absent
Asian Elephant,AE06,E2,4/19/2026,Afternoon,15:20,15:53,15:24,15:42,316,4,8,9,52,5,5,0.05,Stress_Absent
Toque Macaque,TM01,M1,4/21/2026,Morning,9:10,9:49,9:19,9:39,181,3,18,18,67,6,8,0.06,Stress_Absent
Toque Macaque,TM02,M1,4/23/2026,Afternoon,16:00,16:49,16:09,16:27,295,4,15,14,78,10,7,0.19,Stress_Absent
Toque Macaque,TM03,M1,4/25/2026,Morning,9:20,9:56,9:28,9:40,248,3,13,14,58,10,1,0.22,Stress_Absent
Toque Macaque,TM04,M2,4/27/2026,Afternoon,16:00,16:25,16:11,16:27,124,2,13,3,43,6,14,0.12,Stress_Present
Toque Macaque,TM05,M2,4/29/2026,Morning,9:25,9:54,9:32,9:46,201,2,5,12,56,3,0,0.36,Stress_Absent
Toque Macaque,TM06,M2,5/1/2026,Afternoon,16:20,16:54,16:25,16:39,180,4,8,10,87,9,0,0.26,Stress_Absent
Asian Elephant,AE01,E1,5/3/2026,Morning,8:15,8:41,8:27,8:47,259,5,13,25,53,5,12,0.01,Stress_Absent
Asian Elephant,AE02,E1,5/5/2026,Afternoon,15:15,15:55,15:19,15:40,226,3,23,19,30,6,11,0.09,Stress_Absent
Asian Elephant,AE03,E1,5/7/2026,Morning,8:20,9:03,8:29,8:46,227,4,11,17,69,3,3,0.07,Stress_Absent
Asian Elephant,AE04,E2,5/9/2026,Afternoon,15:00,15:28,15:08,15:38,192,5,11,4,52,8,8,0.41,Stress_Present
Asian Elephant,AE05,E2,5/11/2026,Morning,8:20,9:05,8:29,8:59,219,3,18,20,49,2,0,0.28,Stress_Absent
Asian Elephant,AE06,E2,5/13/2026,Afternoon,15:20,15:46,15:28,15:49,304,4,13,0,46,6,6,0.01,Stress_Present
Toque Macaque,TM01,M1,5/15/2026,Morning,9:05,9:48,9:10,9:23,204,5,12,24,80,9,3,0.2,Stress_Absent
Toque Macaque,TM02,M1,5/17/2026,Afternoon,16:00,16:46,16:04,16:20,148,4,10,15,65,10,7,0.38,Stress_Present
Toque Macaque,TM03,M1,5/19/2026,Morning,9:25,10:10,9:29,9:40,209,2,8,13,80,6,15,0.13,Stress_Absent
Toque Macaque,TM04,M2,5/21/2026,Afternoon,16:05,16:43,16:08,16:17,193,2,18,5,89,10,4,0.35,Stress_Present
Toque Macaque,TM05,M2,5/23/2026,Morning,9:00,9:50,9:06,9:18,183,2,8,4,50,8,6,0.04,Stress_Present
Toque Macaque,TM06,M2,5/25/2026,Afternoon,16:20,17:10,16:28,16:37,275,4,11,3,50,3,10,0.08,Stress_Present
Asian Elephant,AE01,E1,4/1/2026,Morning,8:05,8:49,8:08,8:24,245,3,14,0,25,4,0,0.41,Stress_Absent
Asian Elephant,AE02,E1,4/3/2026,Afternoon,15:25,15:56,15:33,15:48,360,4,12,18,36,3,2,0.3,Stress_Absent
Asian Elephant,AE03,E1,4/5/2026,Morning,8:15,8:54,8:20,8:50,301,5,25,18,35,2,8,0.2,Stress_Absent
Asian Elephant,AE04,E2,4/7/2026,Afternoon,15:15,15:57,15:25,15:41,330,4,20,4,49,2,2,0.06,Stress_Present
Asian Elephant,AE05,E2,4/9/2026,Morning,8:20,9:00,8:28,8:56,319,4,23,6,47,4,2,0.03,Stress_Absent
Asian Elephant,AE06,E2,4/11/2026,Afternoon,15:20,16:09,15:29,15:46,216,4,15,4,61,8,5,0.37,Stress_Present
Toque Macaque,TM01,M1,4/13/2026,Morning,9:05,9:31,9:16,9:29,141,5,14,23,63,7,3,0.14,Stress_Absent
Toque Macaque,TM02,M1,4/15/2026,Afternoon,16:00,16:50,16:10,16:23,170,2,17,26,47,12,12,0.19,Stress_Present
Toque Macaque,TM03,M1,4/17/2026,Morning,9:05,9:38,9:14,9:30,174,2,13,30,87,8,13,0.21,Stress_Absent
Toque Macaque,TM04,M2,4/19/2026,Afternoon,16:05,16:49,16:08,16:27,209,4,5,20,87,6,14,0.16,Stress_Present
Toque Macaque,TM05,M2,4/21/2026,Morning,9:05,9:47,9:10,9:27,271,3,16,26,82,5,0,0.38,Stress_Absent
Toque Macaque,TM06,M2,4/23/2026,Afternoon,16:25,16:58,16:31,16:44,234,2,17,25,69,12,8,0.12,Stress_Absent
Asian Elephant,AE01,E1,4/25/2026,Morning,8:10,8:48,8:15,8:40,290,4,12,17,66,6,11,0.2,Stress_Absent
Asian Elephant,AE02,E1,4/27/2026,Afternoon,15:15,15:59,15:27,15:51,296,3,11,22,80,7,6,0.21,Stress_Absent
Asian Elephant,AE03,E1,4/29/2026,Morning,8:10,8:38,8:18,8:36,298,3,10,25,44,8,9,0.42,Stress_Absent
Asian Elephant,AE04,E2,5/1/2026,Afternoon,15:05,15:52,15:12,15:42,212,4,8,21,72,3,11,0.31,Stress_Absent
Asian Elephant,AE05,E2,5/3/2026,Morning,8:20,8:48,8:27,8:53,326,3,13,13,48,1,3,0.3,Stress_Absent
Asian Elephant,AE06,E2,5/5/2026,Afternoon,15:10,15:58,15:17,15:36,234,4,21,12,49,6,10,0.31,Stress_Absent
Toque Macaque,TM01,M1,5/7/2026,Morning,9:05,9:42,9:17,9:32,292,2,7,19,67,5,11,0.06,Stress_Absent
Toque Macaque,TM02,M1,5/9/2026,Afternoon,16:25,17:03,16:31,16:42,167,4,10,22,80,7,6,0.39,Stress_Absent
Toque Macaque,TM03,M1,5/11/2026,Morning,9:25,9:52,9:36,9:48,274,2,16,9,72,4,5,0.32,Stress_Absent
Toque Macaque,TM04,M2,5/13/2026,Afternoon,16:20,17:06,16:24,16:37,135,5,18,17,86,3,0,0.29,Stress_Absent
